<?xml version="1.0" encoding="utf-8" standalone ="yes" ?>
<PayforRequest>
<MbrId>5</MbrId>
<MerchantID>009600000005835</MerchantID>
<UserCode>adminseasafari</UserCode>
<UserPass>xxxxxxxxxxxx</UserPass>
<OrderId>20221130170245064</OrderId>
<SecureType>NonSecure</SecureType>
<TxnType>Auth</TxnType>
<PurchAmount>19.99</PurchAmount>
<Currency>949</Currency>
<CardHolderName>finansbank</CardHolderName>
<CardMask>402271*3155</CardMask>
<TcknOrVkn>15520511670</TcknOrVkn>
<MOTO>1</MOTO>
<Lang>TR</Lang>
</PayforRequest>

