<?xml version="1.0" encoding="utf-8" standalone ="yes" ?>
<PayforRequest>
<MbrId>5</MbrId>
<MerchantID>009600000005835</MerchantID>
<UserCode>adminseasafari</UserCode>
<UserPass>xxxxxxxxxxxx</UserPass>
<OrderId>20221130170244939</OrderId>
<SecureType>NonSecure</SecureType>
<TxnType>Auth</TxnType>
<PurchAmount>19.99</PurchAmount>
<Currency>949</Currency>
<CardHolderName>finansbank</CardHolderName>
<Pan>4022780198283155</Pan>
<Expiry>0150</Expiry>
<Cvv2>105</Cvv2>
<MOTO>1</MOTO>
<Lang>TR</Lang>
</PayforRequest>

