<?xml version="1.0" encoding="utf-8" standalone ="yes" ?>
<PayforRequest>
<MbrId>5</MbrId>
<MerchantID>009600000005835</MerchantID>
<UserCode>adminseasafari</UserCode>
<SecureType>3DHost</SecureType>
<TxnType>Auth</TxnType>
<InstallmentCount>0</InstallmentCount>
<Currency>949</Currency>
<OkUrl>https://vpos.qnbfinansbank.com//Payfor.UI//PayforScripts//5//009600000005835//xml//Payfor3DHostPayment.xml</OkUrl>
<FailUrl>https://vpos.qnbfinansbank.com//Payfor.UI//PayforScripts//5//009600000005835//xml//Payfor3DHostPayment.xml</FailUrl>
<OrderId></OrderId>
<OrgOrderId></OrgOrderId>
<PurchAmount>1</PurchAmount>
<Lang>TR</Lang>
<Rnd>170245173</Rnd>
<Hash>62TtMmUrbHpP37THmnQNP8HMHtY=</Hash>
<TemplateType>2</TemplateType>
</PayforRequest>

